{
  "0": {
    "median": {
      "min": 1.0638842582702637,
      "max": 12.6524658203125,
      "mean": 2.5382400274276735,
      "median": 1.106170654296875,
      "count": 10,
      "all_values": [
        4.021909952163696,
        1.0658776760101318,
        1.069577693939209,
        1.0638842582702637,
        1.106170654296875,
        12.6524658203125,
        1.1186044216156006,
        1.112189531326294,
        1.1061224937438965,
        1.0655977725982666
      ]
    },
    "average": {
      "min": 0.9489782815887815,
      "max": 13.8062135025097,
      "mean": 3.595870101777694,
      "median": 1.804693262869056,
      "count": 10,
      "all_values": [
        8.087891676929955,
        1.4373498275166465,
        1.4341693000861335,
        1.1805561234965127,
        1.804693262869056,
        13.8062135025097,
        3.1255606280118933,
        2.514185072261201,
        1.6191033425070611,
        0.9489782815887815
      ]
    }
  },
  "0.5": {
    "median": {
      "min": 1.0619430541992188,
      "max": 13.142987966537476,
      "mean": 3.5104121923446656,
      "median": 1.1133463382720947,
      "count": 10,
      "all_values": [
        1.1091654300689697,
        1.1095640659332275,
        1.1133463382720947,
        1.1581590175628662,
        13.142987966537476,
        1.217911958694458,
        1.0619430541992188,
        1.0652821063995361,
        1.062992811203003,
        13.062769174575806
      ]
    },
    "average": {
      "min": 0.9939601277798379,
      "max": 14.195347887724106,
      "mean": 4.513897163477236,
      "median": 2.24644619794119,
      "count": 10,
      "all_values": [
        2.24644619794119,
        2.006127431406777,
        2.0098003153235036,
        3.4633593980841595,
        14.195347887724106,
        3.8399277311726503,
        1.0602511518641493,
        1.1656185586079868,
        0.9939601277798379,
        14.158132834867997
      ]
    }
  },
  "1.0": {
    "median": {
      "min": 1.0656912326812744,
      "max": 13.149972915649414,
      "mean": 2.329216241836548,
      "median": 1.1197383403778076,
      "count": 10,
      "all_values": [
        1.1064376831054688,
        13.149972915649414,
        1.1924870014190674,
        1.0701477527618408,
        1.1230225563049316,
        1.1197383403778076,
        1.0656912326812744,
        1.2330305576324463,
        1.1187710762023926,
        1.112863302230835
      ]
    },
    "average": {
      "min": 1.0745830146812954,
      "max": 14.182984484991222,
      "mean": 3.41289049224536,
      "median": 2.2764012015906943,
      "count": 10,
      "all_values": [
        1.985421287282458,
        14.182984484991222,
        3.1972194839417574,
        1.097581848890885,
        2.50298963104183,
        1.6439691232699973,
        1.0745830146812954,
        4.533644126260222,
        2.2764012015906943,
        1.6341107205032424
      ]
    }
  }
}