{
  "0": {
    "median": {
      "min": 1.0638842582702637,
      "max": 1.1186044216156006,
      "mean": 1.0885030627250671,
      "median": 1.069577693939209,
      "count": 8,
      "all_values": [
        1.0638842582702637,
        1.0655977725982666,
        1.0658776760101318,
        1.069577693939209,
        1.1061224937438965,
        1.106170654296875,
        1.112189531326294,
        1.1186044216156006
      ]
    },
    "average": {
      "min": 0.9489782815887815,
      "max": 3.1255606280118933,
      "mean": 1.7580744797921606,
      "median": 1.4373498275166465,
      "count": 8,
      "all_values": [
        0.9489782815887815,
        1.1805561234965127,
        1.4341693000861335,
        1.4373498275166465,
        1.6191033425070611,
        1.804693262869056,
        2.514185072261201,
        3.1255606280118933
      ]
    }
  },
  "0.5": {
    "median": {
      "min": 1.0619430541992188,
      "max": 1.217911958694458,
      "mean": 1.1122955977916718,
      "median": 1.1091654300689697,
      "count": 8,
      "all_values": [
        1.0619430541992188,
        1.062992811203003,
        1.0652821063995361,
        1.1091654300689697,
        1.1095640659332275,
        1.1133463382720947,
        1.1581590175628662,
        1.217911958694458
      ]
    },
    "average": {
      "min": 0.9939601277798379,
      "max": 3.8399277311726503,
      "mean": 2.098186364022532,
      "median": 2.006127431406777,
      "count": 8,
      "all_values": [
        0.9939601277798379,
        1.0602511518641493,
        1.1656185586079868,
        2.006127431406777,
        2.0098003153235036,
        2.24644619794119,
        3.4633593980841595,
        3.8399277311726503
      ]
    }
  },
  "1.0": {
    "median": {
      "min": 1.0656912326812744,
      "max": 1.2330305576324463,
      "mean": 1.1269099447462294,
      "median": 1.1187710762023926,
      "count": 9,
      "all_values": [
        1.0656912326812744,
        1.0701477527618408,
        1.1064376831054688,
        1.112863302230835,
        1.1187710762023926,
        1.1197383403778076,
        1.1230225563049316,
        1.1924870014190674,
        1.2330305576324463
      ]
    },
    "average": {
      "min": 1.0745830146812954,
      "max": 3.1972194839417574,
      "mean": 1.92653453890027,
      "median": 1.6439691232699973,
      "count": 8,
      "all_values": [
        1.0745830146812954,
        1.097581848890885,
        1.6341107205032424,
        1.6439691232699973,
        1.985421287282458,
        2.2764012015906943,
        2.50298963104183,
        3.1972194839417574
      ]
    }
  }
}
