{
<<<<<<< Updated upstream:analysis/aggregated_results.json
  "0": {
    "median": {
      "min": 1.0638842582702637,
      "max": 12.6524658203125,
      "mean": 2.5382400274276735,
      "median": 1.106170654296875,
      "count": 10,
      "all_values": [
        4.021909952163696,
        1.0658776760101318,
        1.069577693939209,
        1.0638842582702637,
        1.106170654296875,
        12.6524658203125,
        1.1186044216156006,
        1.112189531326294,
        1.1061224937438965,
        1.0655977725982666
      ]
    },
    "average": {
      "min": 0.9489782815887815,
      "max": 13.8062135025097,
      "mean": 3.595870101777694,
      "median": 1.804693262869056,
      "count": 10,
      "all_values": [
        8.087891676929955,
        1.4373498275166465,
        1.4341693000861335,
        1.1805561234965127,
        1.804693262869056,
        13.8062135025097,
        3.1255606280118933,
        2.514185072261201,
        1.6191033425070611,
        0.9489782815887815
      ]
    }
  },
  "0.5": {
    "median": {
      "min": 1.0619430541992188,
      "max": 13.142987966537476,
      "mean": 3.5104121923446656,
      "median": 1.1133463382720947,
      "count": 10,
      "all_values": [
        1.1091654300689697,
        1.1095640659332275,
        1.1133463382720947,
        1.1581590175628662,
        13.142987966537476,
        1.217911958694458,
        1.0619430541992188,
        1.0652821063995361,
        1.062992811203003,
        13.062769174575806
      ]
    },
    "average": {
      "min": 0.9939601277798379,
      "max": 14.195347887724106,
      "mean": 4.513897163477236,
      "median": 2.24644619794119,
      "count": 10,
      "all_values": [
        2.24644619794119,
        2.006127431406777,
        2.0098003153235036,
        3.4633593980841595,
        14.195347887724106,
        3.8399277311726503,
        1.0602511518641493,
        1.1656185586079868,
        0.9939601277798379,
        14.158132834867997
      ]
    }
  },
  "1.0": {
    "median": {
      "min": 1.0656912326812744,
      "max": 13.149972915649414,
      "mean": 2.329216241836548,
      "median": 1.1197383403778076,
      "count": 10,
      "all_values": [
        1.1064376831054688,
        13.149972915649414,
        1.1924870014190674,
        1.0701477527618408,
        1.1230225563049316,
        1.1197383403778076,
        1.0656912326812744,
        1.2330305576324463,
        1.1187710762023926,
        1.112863302230835
      ]
    },
    "average": {
      "min": 1.0745830146812954,
      "max": 14.182984484991222,
      "mean": 3.41289049224536,
      "median": 2.2764012015906943,
      "count": 10,
      "all_values": [
        1.985421287282458,
        14.182984484991222,
        3.1972194839417574,
        1.097581848890885,
        2.50298963104183,
        1.6439691232699973,
        1.0745830146812954,
        4.533644126260222,
        2.2764012015906943,
        1.6341107205032424
      ]
=======
  "lambda_0.5_loss_0": {
    "lambda": "0.5",
    "loss": "0",
    "latency": {
      "average": {
        "min": 0.033692203977572846,
        "max": 0.038043168950671995,
        "mean": 0.034888021863842135,
        "median": 0.0339468892882852,
        "count": 8,
        "outliers_removed": 2
      },
      "median": {
        "min": 0.04951620101928711,
        "max": 0.05051445960998535,
        "mean": 0.050008624792099,
        "median": 0.05009627342224121,
        "count": 8,
        "outliers_removed": 2
      }
    },
    "discards": {
      "Packets accepted": {
        "min": 442.0,
        "max": 444.0,
        "mean": 442.85714285714283,
        "median": 443.0,
        "count": 7,
        "outliers_removed": 3
      },
      "Packets discarded": {
        "min": 0.0,
        "max": 32.0,
        "mean": 22.4,
        "median": 32.0,
        "count": 10,
        "outliers_removed": 0
      },
      "Total packets received": {
        "min": 474.0,
        "max": 477.0,
        "mean": 475.125,
        "median": 475.0,
        "count": 8,
        "outliers_removed": 2
      },
      "Packets discarded (%)": {
        "min": 0.0,
        "max": 6.7511,
        "mean": 4.71723,
        "median": 6.7368,
        "count": 10,
        "outliers_removed": 0
      }
    }
  },
  "lambda_0.5_loss_10": {
    "lambda": "0.5",
    "loss": "10",
    "latency": {
      "average": {
        "min": 0.035748163691030746,
        "max": 0.040739576186030364,
        "mean": 0.03786845589088634,
        "median": 0.037535076424226925,
        "count": 9,
        "outliers_removed": 1
      },
      "median": {
        "min": 0.05012845993041992,
        "max": 0.05054306983947754,
        "mean": 0.05033510071890695,
        "median": 0.05038857460021973,
        "count": 7,
        "outliers_removed": 3
      }
    },
    "discards": {
      "Packets accepted": {
        "min": 237.0,
        "max": 244.0,
        "mean": 240.85714285714286,
        "median": 241.0,
        "count": 7,
        "outliers_removed": 3
      },
      "Packets discarded": {
        "min": 202.0,
        "max": 209.0,
        "mean": 205.0,
        "median": 204.0,
        "count": 7,
        "outliers_removed": 3
      },
      "Total packets received": {
        "min": 435.0,
        "max": 456.0,
        "mean": 445.77777777777777,
        "median": 447.0,
        "count": 9,
        "outliers_removed": 1
      },
      "Packets discarded (%)": {
        "min": 45.4139,
        "max": 46.5479,
        "mean": 45.9783,
        "median": 45.8613,
        "count": 7,
        "outliers_removed": 3
      }
    }
  },
  "lambda_0.5_loss_25": {
    "lambda": "0.5",
    "loss": "25",
    "latency": {
      "average": {
        "min": 0.04378727953484718,
        "max": 0.05244340208387867,
        "mean": 0.04664699452276635,
        "median": 0.04595164272744777,
        "count": 8,
        "outliers_removed": 2
      },
      "median": {
        "min": 0.05071568489074707,
        "max": 0.0525357723236084,
        "mean": 0.051579415798187256,
        "median": 0.0514676570892334,
        "count": 8,
        "outliers_removed": 2
      }
    },
    "discards": {
      "Packets accepted": {
        "min": 199.0,
        "max": 211.0,
        "mean": 204.375,
        "median": 205.0,
        "count": 8,
        "outliers_removed": 2
      },
      "Packets discarded": {
        "min": 185.0,
        "max": 205.0,
        "mean": 193.75,
        "median": 193.0,
        "count": 8,
        "outliers_removed": 2
      },
      "Total packets received": {
        "min": 389.0,
        "max": 412.0,
        "mean": 398.125,
        "median": 398.0,
        "count": 8,
        "outliers_removed": 2
      },
      "Packets discarded (%)": {
        "min": 46.7172,
        "max": 50.0,
        "mean": 48.65835,
        "median": 49.2347,
        "count": 8,
        "outliers_removed": 2
      }
    }
  },
  "lambda_0.5_loss_50": {
    "lambda": "0.5",
    "loss": "50",
    "latency": {
      "average": {
        "min": 0.06658690056558382,
        "max": 2.6905416347542586,
        "mean": 0.8250583871347519,
        "median": 0.26098478523788937,
        "count": 10,
        "outliers_removed": 0
      },
      "median": {
        "min": 0.05292081832885742,
        "max": 0.1579732894897461,
        "mean": 0.06686705350875854,
        "median": 0.05360841751098633,
        "count": 8,
        "outliers_removed": 2
      }
    },
    "discards": {
      "Packets accepted": {
        "min": 175.0,
        "max": 201.0,
        "mean": 188.14285714285714,
        "median": 190.0,
        "count": 7,
        "outliers_removed": 3
      },
      "Packets discarded": {
        "min": 0.0,
        "max": 148.0,
        "mean": 85.4,
        "median": 122.0,
        "count": 10,
        "outliers_removed": 0
      },
      "Total packets received": {
        "min": 231.0,
        "max": 341.0,
        "mean": 304.125,
        "median": 322.0,