min,1.0
max,1.0000099999999996
average,1.000001
median,1.0
