{
  "scenario_name": "High Packet Loss",
  "loss_pct": 50,
  "lambdas": [
    0.0,
    0.01,
    0.02,
    0.03,
    0.04,
    0.05,
    0.06,
    0.07,
    0.08,
    0.09,
    0.1,
    0.11,
    0.12,
    0.13,
    0.14,
    0.15,
    0.16,
    0.17,
    0.18,
    0.19,
    0.2,
    0.21,
    0.22,
    0.23,
    0.24,
    0.25,
    0.26,
    0.27,
    0.28,
    0.29,
    0.3,
    0.31,
    0.32,
    0.33,
    0.34,
    0.35000000000000003,
    0.36,
    0.37,
    0.38,
    0.39,
    0.4,
    0.41000000000000003,
    0.42,
    0.43,
    0.44,
    0.45,
    0.46,
    0.47000000000000003,
    0.48,
    0.49,
    0.5,
    0.51,
    0.52,
    0.53,
    0.54,
    0.55,
    0.56,
    0.5700000000000001,
    0.58,
    0.59,
    0.6,
    0.61,
    0.62,
    0.63,
    0.64,
    0.65,
    0.66,
    0.67,
    0.68,
    0.6900000000000001,
    0.7000000000000001,
    0.71,
    0.72,
    0.73,
    0.74,
    0.75,
    0.76,
    0.77,
    0.78,
    0.79,
    0.8,
    0.81,
    0.8200000000000001,
    0.8300000000000001,
    0.84,
    0.85,
    0.86,
    0.87,
    0.88,
    0.89,
    0.9,
    0.91,
    0.92,
    0.93,
    0.9400000000000001,
    0.9500000000000001,
    0.96,
    0.97,
    0.98,
    0.99,
    1.0
  ],
  "avg_latencies": [
    151.253006378098,
    150.05286797720166,
    145.08661767669213,
    150.88398589813775,
    149.13066537026518,
    156.79551064170698,
    145.00793985211095,
    136.7059470479359,
    154.4958089593741,
    152.58354623785692,
    149.81937559579993,
    154.38471652477,
    143.88393454551283,
    144.6903919089166,
    150.8347479555574,
    143.8874355334425,
    141.80338267635094,
    137.14457809300603,
    144.3361538935029,
    154.89242742298856,
    140.48372490049186,
    141.49848776299996,
    140.36906473074524,
    142.20649737168455,
    144.03839570981555,
    144.70170636381528,
    145.1417586408846,
    150.35626416265117,
    145.022786509884,
    139.02911704197894,
    137.5999442227808,
    137.8600728385268,
    138.80759740721783,
    140.86740107797223,
    140.4929752215171,
    145.9605794506585,
    152.32925045505144,
    140.87643505993117,
    138.09545508096895,
    148.76916303009844,
    133.93365143710636,
    134.01821097407804,
    143.6579596140284,
    147.7859246361383,
    143.8083524582432,
    142.63589052027055,
    138.4186451598949,
    141.42071829443628,
    139.07831668961012,
    143.1956773245343,
    141.7342854274886,
    136.911641307752,
    140.27842423227665,
    134.1246040497,
    136.67091540175826,
    140.37093490909925,
    135.24811125334566,
    137.3587020474514,
    131.104826538401,
    134.83205516716157,
    132.7702745456842,
    134.59839271111932,
    132.21499220159325,
    126.51306491709425,
    135.37412954824566,
    134.67535520250578,
    134.1638081198368,
    139.2462468385097,
    140.27097880810547,
    133.83371528868452,
    131.15621419479868,
    139.93719881476792,
    134.39893551006804,
    137.07963495875077,
    142.68441708834533,
    133.84839904810593,
    141.19408552144967,
    136.97694873667422,
    136.672897992591,
    128.3642951073842,
    133.6208854063501,
    136.36409938478496,
    128.7573826137755,
    128.5159722464073,
    135.57962863935575,
    128.61486756908573,
    133.7263183361481,
    129.93565948647452,
    130.39716481785814,
    127.62302842005252,
    130.51324567095745,
    136.67138992574084,
    129.88629937293567,
    136.51057167352522,
    134.644982272009,
    132.30778521364707,
    134.70860345399922,
    129.3810980915452,
    136.76031808079858,
    129.09894289010018,
    132.01086653106248
  ],
  "min_latencies": [
    105.8771044646686,
    105.03700758404115,
    101.56063237368448,
    105.61879012869642,
    104.39146575918562,
    109.75685744919488,
    101.50555789647765,
    95.69416293355512,
    108.14706627156187,
    106.80848236649985,
    104.87356291705994,
    108.069301567339,
    100.71875418185897,
    101.28327433624162,
    105.58432356889017,
    100.72120487340975,
    99.26236787344565,
    96.00120466510421,
    101.03530772545203,
    108.42469919609199,
    98.3386074303443,
    99.04894143409996,
    98.25834531152167,
    99.54454816017918,
    100.82687699687088,
    101.29119445467069,
    101.59923104861922,
    105.24938491385582,
    101.51595055691881,
    97.32038192938525,
    96.31996095594656,
    96.50205098696875,
    97.16531818505247,
    98.60718075458055,
    98.34508265506196,
    102.17240561546096,
    106.630475318536,
    98.61350454195181,
    96.66681855667825,
    104.1384141210689,
    93.75355600597445,
    93.81274768185463,
    100.56057172981988,
    103.4501472452968,
    100.66584672077023,
    99.84512336418938,
    96.89305161192642,
    98.99450280610539,
    97.35482168272708,
    100.23697412717401,
    99.21399979924202,
    95.8381489154264,
    98.19489696259365,
    93.88722283479,
    95.66964078123078,
    98.25965443636947,
    94.67367787734196,
    96.15109143321598,
    91.77337857688069,
    94.3824386170131,
    92.93919218197894,
    94.21887489778352,
    92.55049454111527,
    88.55914544196597,
    94.76189068377195,
    94.27274864175405,
    93.91466568388576,
    97.47237278695678,
    98.18968516567382,
    93.68360070207916,
    91.80934993635907,
    97.95603917033755,
    94.07925485704763,
    95.95574447112554,
    99.87909196184172,
    93.69387933367415,
    98.83585986501475,
    95.88386411567194,
    95.67102859481369,
    89.85500657516894,
    93.53461978444507,
    95.45486956934947,
    90.13016782964284,
    89.9611805724851,
    94.90574004754902,
    90.03040729836,
    93.60842283530366,
    90.95496164053216,
    91.27801537250069,
    89.33611989403676,
    91.3592719696702,
    95.66997294801858,
    90.92040956105497,
    95.55740017146765,
    94.2514875904063,
    92.61544964955294,
    94.29602241779945,
    90.56676866408164,
    95.732222656559,
    90.36926002307011,
    92.40760657174373
  ],