{
  "scenario_name": "Low Packet Loss",
  "loss_pct": 10,
  "lambdas": [
    0.0,
    0.01,
    0.02,
    0.03,
    0.04,
    0.05,
    0.06,
    0.07,
    0.08,
    0.09,
    0.1,
    0.11,
    0.12,
    0.13,
    0.14,
    0.15,
    0.16,
    0.17,
    0.18,
    0.19,
    0.2,
    0.21,
    0.22,
    0.23,
    0.24,
    0.25,
    0.26,
    0.27,
    0.28,
    0.29,
    0.3,
    0.31,
    0.32,
    0.33,
    0.34,
    0.35000000000000003,
    0.36,
    0.37,
    0.38,
    0.39,
    0.4,
    0.41000000000000003,
    0.42,
    0.43,
    0.44,
    0.45,
    0.46,
    0.47000000000000003,
    0.48,
    0.49,
    0.5,
    0.51,
    0.52,
    0.53,
    0.54,
    0.55,
    0.56,
    0.5700000000000001,
    0.58,
    0.59,
    0.6,
    0.61,
    0.62,
    0.63,
    0.64,
    0.65,
    0.66,
    0.67,
    0.68,
    0.6900000000000001,
    0.7000000000000001,
    0.71,
    0.72,
    0.73,
    0.74,
    0.75,
    0.76,
    0.77,
    0.78,
    0.79,
    0.8,
    0.81,
    0.8200000000000001,
    0.8300000000000001,
    0.84,
    0.85,
    0.86,
    0.87,
    0.88,
    0.89,
    0.9,
    0.91,
    0.92,
    0.93,
    0.9400000000000001,
    0.9500000000000001,
    0.96,
    0.97,
    0.98,
    0.99,
    1.0
  ],
  "avg_latencies": [
    79.53877147789201,
    77.11203817077529,
    77.09589648533559,
    72.72932582135508,
    73.71438957941338,
    79.71593116354124,
    72.06865748800605,
    64.25408805903828,
    78.21300123423805,
    70.71193593614072,
    77.63039960283724,
    78.25964746223431,
    69.47815357306737,
    66.22480090730596,
    74.79320880474876,
    81.37741791929632,
    75.29445812384625,
    70.12267223203605,
    77.39566339454908,
    63.92751338142999,
    78.31196637594078,
    62.13768603307882,
    77.83189329738485,
    72.27595176962592,
    61.2774238967411,
    62.9941595617526,
    73.61346083504303,
    80.2988782665143,
    74.50626240772677,
    68.30391804234259,
    72.54278293712397,
    72.84167272086951,
    80.40786137464197,
    66.46674178760315,
    80.1070969527173,
    71.63606876465367,
    80.1074311113355,
    77.13119735904823,
    74.63956571979992,
    73.42358313467548,
    74.86161776749601,
    70.83354210172588,
    78.87808653902911,
    69.74212772322059,
    77.5678785155403,
    80.41230834412634,
    78.41433972161764,
    76.48645328802833,
    73.51480810198326,
    74.40201351286017,
    82.73411323854589,
    73.64098657797386,
    72.87715236513301,
    73.69986859744745,
    82.38076759152598,
    72.78689065682424,
    73.51497402964596,
    70.27252031932596,
    71.88393311822384,
    73.19350208150095,
    72.7864871983656,
    84.23977023087417,
    74.50108526622184,
    74.44748769954897,
    75.53574153381196,
    84.92113551258659,
    66.46175552398631,
    71.72427754425492,
    81.11488118820895,
    76.85584901821574,
    70.10793036064182,
    75.71924182062759,
    85.0109247290658,
    70.4120439488654,
    70.03351356986376,
    79.39585200447131,
    71.46528318949132,
    81.42851062783893,
    80.98950811860388,
    78.07882505417464,
    76.69291532473251,
    79.5185081872679,
    77.32135596684678,
    87.17038534857967,
    83.09564496662662,
    85.7404838667499,
    72.03630258999443,
    75.0404697827697,
    78.49589354112219,
    78.6120371641351,
    83.37940166924466,
    78.33987777870966,
    76.97361521808105,
    80.91584942603225,
    80.97947057298049,
    71.26951916140584,
    76.24244116548313,
    78.17262172036327,
    87.30225585380305,
    88.92240498944804,
    86.68537248505156
  ],
  "min_latencies": [
    55.677140034524406,
    53.9784267195427,
    53.96712753973491,
    50.91052807494855,
    51.60007270558936,
    55.801151814478864,
    50.44806024160423,
    44.9778616413268,
    54.74910086396663,
    49.4983551552985,
    54.34127972198607,
    54.78175322356402,
    48.63470750114716,
    46.35736063511417,
    52.355246163324125,
    56.96419254350742,
    52.70612068669237,
    49.085870562425235,
    54.17696437618435,
    44.74925936700099,
    54.81837646315854,
    43.49638022315517,
    54.48232530816939,
    50.59316623873814,
    42.894196727718764,
    44.09591169322682,
    51.52942258453012,
    56.209214786560004,
    52.15438368540873,
    47.81274262963981,
    50.77994805598678,
    50.989170904608656,
    56.285502962249375,
    46.526719251322206,
    56.07496786690211,
    50.14524813525757,
    56.07520177793484,
    53.99183815133376,
    52.24769600385994,
    51.39650819427283,
    52.40313243724721,
    49.583479471208115,
    55.21466057732037,
    48.81948940625441,
    54.29751496087821,
    56.28861584088844,
    54.890037805132344,
    53.54051730161983,
    51.46036567138828,
    52.08140945900211,
    57.913879266982114,
    51.5486906045817,
    51.01400665559311,
    51.58990801821321,
    57.66653731406818,
    50.95082345977696,
    51.460481820752165,
    49.19076422352817,
    50.31875318275668,
    51.235451457050665,
    50.950541038855924,
    58.96783916161191,
    52.15075968635528,
    52.113241389684276,
    52.87501907366837,
    59.44479485881061,
    46.52322886679042,
    50.20699428097844,
    56.780416831746265,
    53.79909431275101,
    49.075551252449266,
    53.00346927443931,
    59.50764731034606,
    49.28843076420578,
    49.02345949890463,
    55.577096403129914,
    50.02569823264392,
    56.99995743948725,
    56.692655683022714,
    54.65517753792225,
    53.68504072731275,
    55.66295573108753,
    54.12494917679275,
    61.01926974400577,
    58.16695147663863,
    60.018338706724926,
    50.4254118129961,
    52.52832884793879,
    54.94712547878553,
    55.02842601489457,
    58.36558116847126,
    54.837914445096764,
    53.881530652656735,
    56.64109459822257,
    56.68562940108634,
    49.88866341298409,
    53.36970881583819,
    54.720835204254286,
    61.11157909766213,
    62.24568349261362,
    60.679760739536086
  ],