{
  "scenario_name": "Mid Packet Loss",
  "loss_pct": 25,
  "lambdas": [
    0.0,
    0.01,
    0.02,
    0.03,
    0.04,
    0.05,
    0.06,
    0.07,
    0.08,
    0.09,
    0.1,
    0.11,
    0.12,
    0.13,
    0.14,
    0.15,
    0.16,
    0.17,
    0.18,
    0.19,
    0.2,
    0.21,
    0.22,
    0.23,
    0.24,
    0.25,
    0.26,
    0.27,
    0.28,
    0.29,
    0.3,
    0.31,
    0.32,
    0.33,
    0.34,
    0.35000000000000003,
    0.36,
    0.37,
    0.38,
    0.39,
    0.4,
    0.41000000000000003,
    0.42,
    0.43,
    0.44,
    0.45,
    0.46,
    0.47000000000000003,
    0.48,
    0.49,
    0.5,
    0.51,
    0.52,
    0.53,
    0.54,
    0.55,
    0.56,
    0.5700000000000001,
    0.58,
    0.59,
    0.6,
    0.61,
    0.62,
    0.63,
    0.64,
    0.65,
    0.66,
    0.67,
    0.68,
    0.6900000000000001,
    0.7000000000000001,
    0.71,
    0.72,
    0.73,
    0.74,
    0.75,
    0.76,
    0.77,
    0.78,
    0.79,
    0.8,
    0.81,
    0.8200000000000001,
    0.8300000000000001,
    0.84,
    0.85,
    0.86,
    0.87,
    0.88,
    0.89,
    0.9,
    0.91,
    0.92,
    0.93,
    0.9400000000000001,
    0.9500000000000001,
    0.96,
    0.97,
    0.98,
    0.99,
    1.0
  ],
  "avg_latencies": [
    94.57700055664048,
    94.68885636562648,
    91.08893446806067,
    92.88809997307042,
    98.0407093523856,
    100.47261408880303,
    93.94446270970106,
    107.19649248590113,
    109.62492753042561,
    93.3500590696635,
    98.38727388088913,
    94.07180442486552,
    96.38346634731765,
    102.90339314665506,
    95.89783192078087,
    95.61274096751731,
    102.80535198116667,
    94.77769732139994,
    90.69391534087588,
    96.7254397604729,
    84.91758092100302,
    97.18266544075658,
    97.2504866350998,
    89.23089126407864,
    88.076164945995,
    99.18652538385342,
    85.89838299595357,
    89.02193506405443,
    100.06481761641484,
    89.55141642574438,
    94.35583237225615,
    91.82391035794105,
    95.45120035582663,
    88.52715287019043,
    95.0375388505058,
    98.22315074161374,
    93.66296931356588,
    91.62354406735895,
    91.18557861018168,
    88.22391451229468,
    93.84022639827297,
    93.44582006344852,
    92.3650901928327,
    87.95176371803632,
    98.07079288128766,
    101.21002301732459,
    89.4504146368517,
    93.26273476280998,
    88.25673364784811,
    90.6687619562239,
    81.77995488707734,
    86.86504691434922,
    91.16914067944741,
    95.39605900438552,
    92.35514819222779,
    83.78152836027448,
    89.29886919168159,
    84.42093237930983,
    86.97770804938482,
    86.5404403133665,
    85.8996668042903,
    86.64321569221921,
    88.34550090140023,
    80.16271032110288,
    78.4775226550158,
    89.66815903597522,
    88.56034289746756,
    85.38508636111912,
    82.3209613502602,
    87.7279652014999,
    87.22883591596461,
    82.70356349111644,
    84.1480034775744,
    82.34808645847019,
    87.2699442548836,
    83.73241955497929,
    79.20534870123782,
    83.65482353469521,
    89.21849009526197,
    91.91838172590975,
    84.83264921576239,
    81.27452851103043,
    98.26255887532062,
    77.09982007094428,
    80.83782016867208,
    82.46857144124567,
    81.39129961304734,
    76.78003705210146,
    79.93635904949562,
    76.29601784911102,
    84.44650083215895,
    73.7395844739087,
    76.34194026207665,
    81.59396004389704,
    77.71789195149971,
    82.96927287316812,
    77.45478445136493,
    73.403915541613,
    85.6416829139503,
    72.75595482832686,
    82.69557131995481
  ],
  "min_latencies": [
    66.20390038964834,
    66.28219945593852,
    63.762254127642464,
    65.02166998114929,
    68.62849654666992,
    70.33082986216212,
    65.76112389679074,
    75.03754474013078,
    76.73744927129792,
    65.34504134876445,
    68.87109171662239,
    65.85026309740586,
    67.46842644312235,
    72.03237520265854,
    67.12848234454661,
    66.92891867726212,
    71.96374638681667,
    66.34438812497996,
    63.48574073861311,
    67.70780783233103,
    59.442306644702114,
    68.0278658085296,
    68.07534064456986,
    62.461623884855044,
    61.653315462196495,
    69.43056776869739,
    60.12886809716749,
    62.3153545448381,
    70.04537233149038,
    62.68599149802106,
    66.0490826605793,
    64.27673725055872,
    66.81584024907863,
    61.9690070091333,
    66.52627719535406,
    68.75620551912961,
    65.5640785194961,
    64.13648084715126,
    63.82990502712717,
    61.75674015860628,
    65.68815847879108,
    65.41207404441396,
    64.65556313498288,
    61.56623460262542,
    68.64955501690136,
    70.8470161121272,
    62.61529024579619,
    65.28391433396699,
    61.77971355349367,
    63.46813336935673,
    57.245968420954135,
    60.80553284004445,
    63.81839847561318,
    66.77724130306986,
    64.64860373455944,
    58.64706985219213,
    62.50920843417711,
    59.094652665516875,
    60.884395634569366,
    60.57830821935655,
    60.12976676300321,
    60.650250984553445,
    61.841850630980154,
    56.11389722477201,
    54.93426585851106,
    62.76771132518265,
    61.99224002822729,
    59.76956045278338,
    57.62467294518214,
    61.409575641049926,
    61.060185141175225,
    57.8924944437815,
    58.90360243430208,
    57.64366052092913,
    61.08896097841851,
    58.6126936884855,
    55.443744090866474,
    58.558376474286646,
    62.452943066683375,
    64.34286720813682,
    59.382854451033666,
    56.89216995772129,
    68.78379121272442,
    53.96987404966099,
    56.586474118070456,
    57.728000008871966,
    56.97390972913313,
    53.74602593647102,
    55.95545133464693,
    53.40721249437772,
    59.11255058251126,
    51.61770913173609,
    53.43935818345365,
    57.115772030727925,
    54.402524366049796,
    58.07849101121768,
    54.21834911595545,
    51.3827408791291,
    59.94917803976521,
    50.9291683798288,
    57.886899923968365
  ],