{
  "scenario_name": "Very High Packet Loss",
  "loss_pct": 75,
  "lambdas": [
    0.0,
    0.01,
    0.02,
    0.03,
    0.04,
    0.05,
    0.06,
    0.07,
    0.08,
    0.09,
    0.1,
    0.11,
    0.12,
    0.13,
    0.14,
    0.15,
    0.16,
    0.17,
    0.18,
    0.19,
    0.2,
    0.21,
    0.22,
    0.23,
    0.24,
    0.25,
    0.26,
    0.27,
    0.28,
    0.29,
    0.3,
    0.31,
    0.32,
    0.33,
    0.34,
    0.35000000000000003,
    0.36,
    0.37,
    0.38,
    0.39,
    0.4,
    0.41000000000000003,
    0.42,
    0.43,
    0.44,
    0.45,
    0.46,
    0.47000000000000003,
    0.48,
    0.49,
    0.5,
    0.51,
    0.52,
    0.53,
    0.54,
    0.55,
    0.56,
    0.5700000000000001,
    0.58,
    0.59,
    0.6,
    0.61,
    0.62,
    0.63,
    0.64,
    0.65,
    0.66,
    0.67,
    0.68,
    0.6900000000000001,
    0.7000000000000001,
    0.71,
    0.72,
    0.73,
    0.74,
    0.75,
    0.76,
    0.77,
    0.78,
    0.79,
    0.8,
    0.81,
    0.8200000000000001,
    0.8300000000000001,
    0.84,
    0.85,
    0.86,
    0.87,
    0.88,
    0.89,
    0.9,
    0.91,
    0.92,
    0.93,
    0.9400000000000001,
    0.9500000000000001,
    0.96,
    0.97,
    0.98,
    0.99,
    1.0
  ],
  "avg_latencies": [
    199.92632336504124,
    202.78930680129162,
    199.24642164236286,
    194.64664369933854,
    200.1191692902387,
    200.3641557764313,
    201.49925072094615,
    201.92265181096383,
    184.90983570417598,
    209.38269527360652,
    198.08543233101443,
    193.9093078124616,
    196.03757095092922,
    194.66736458846987,
    206.4702793271014,
    195.6735692257934,
    191.45019759633317,
    197.71077834858744,
    191.01502968685594,
    199.53068791516975,
    193.90893150493642,
    198.92862357022904,
    205.66741598698437,
    191.75591844127962,
    202.4945067145521,
    205.02716046540107,
    194.82833662466015,
    202.9742992089755,
    189.14841149722946,
    191.85799860846723,
    197.97607204723383,
    195.58032494394806,
    199.184365276323,
    187.85967249529526,
    192.4184500626513,
    186.7202090991413,
    197.44148437048509,
    198.59072095151146,
    193.95320320943395,
    181.30076279090292,
    189.87096526666107,
    191.0477133538262,
    186.15279604465627,
    189.61472664628315,
    194.47249613212617,
    189.22552054724991,
    190.05002024559087,
    182.02317808710933,
    196.11827764074184,
    191.69667547184252,
    198.4884947209435,
    193.4257210860393,
    177.99688742263558,
    193.0155166807483,
    186.84933756059687,
    189.1094551529104,
    185.1704313406126,
    187.1191113147078,
    191.10021390746178,
    184.30850573115023,
    191.44361348672314,
    178.97919856018729,
    189.40814498910618,
    193.60032232945468,
    185.91960611531005,
    186.2279790806998,
    182.66446083458138,
    186.23134715182792,
    190.03596238316007,
    186.86869798148268,
    185.16119003752996,
    181.27190110651844,
    186.011305535807,
    188.6344493994262,
    191.4702433033658,
    194.10542934554422,
    189.72523777388196,
    186.5002552036749,
    180.63135151970573,
    183.58825496941628,
    184.4746115023653,
    184.53966785090495,
    183.41590953764305,
    189.6971536263116,
    187.68245496189843,
    192.3106934571743,
    182.89222535622807,
    190.88433429076147,
    183.59763955285405,
    181.79263860505864,
    183.42357148205215,
    180.08667874170646,
    188.9311315467823,
    187.2606860523284,
    182.74805146987205,
    175.38990555173413,
    181.64230990985627,
    184.54540351120392,
    175.38713596515427,
    177.71317433552147,
    187.4782043402766
  ],
  "min_latencies": [
    139.94842635552885,
    141.9525147609041,
    139.47249514965398,
    136.25265058953696,
    140.08341850316708,
    140.2549090435019,
    141.0494755046623,
    141.34585626767466,
    129.43688499292318,
    146.56788669152456,
    138.65980263171008,
    135.73651546872313,
    137.22629966565046,
    136.2671552119289,
    144.52919552897097,
    136.97149845805535,
    134.0151383174332,
    138.3975448440112,
    133.71052078079916,
    139.67148154061883,
    135.73625205345547,
    139.2500364991603,
    143.96719119088905,
    134.22914290889574,
    141.74615470018645,
    143.51901232578075,
    136.3798356372621,
    142.08200944628285,
    132.40388804806062,
    134.30059902592706,
    138.58325043306368,
    136.90622746076363,
    139.4290556934261,
    131.50177074670668,
    134.6929150438559,
    130.7041463693989,
    138.20903905933955,
    139.013504666058,
    135.76724224660376,
    126.91053395363204,
    132.90967568666275,
    133.73339934767833,
    130.3069572312594,
    132.7303086523982,
    136.1307472924883,
    132.45786438307493,
    133.03501417191362,
    127.41622466097652,
    137.28279434851927,
    134.18767283028976,
    138.94194630466043,
    135.39800476022748,
    124.5978211958449,
    135.1108616765238,
    130.7945362924178,
    132.37661860703727,
    129.6193019384288,
    130.98337792029545,
    133.77014973522324,
    129.01595401180515,
    134.0105294407062,
    125.28543899213109,
    132.5857014923743,
    135.52022563061826,
    130.14372428071704,
    130.35958535648987,
    127.86512258420696,
    130.36194300627955,
    133.02517366821203,
    130.80808858703787,
    129.61283302627098,
    126.8903307745629,
    130.2079138750649,
    132.04411457959833,
    134.02917031235606,
    135.87380054188094,
    132.80766644171737,
    130.55017864257243,
    126.441946063794,
    128.5117784785914,
    129.1322280516557,
    129.17776749563345,
    128.39113667635013,
    132.78800753841813,
    131.37771847332888,
    134.617485420022,
    128.02455774935964,
    133.61903400353302,
    128.51834768699783,
    127.25484702354105,
    128.3965000374365,
    126.06067511919451,
    132.2517920827476,
    131.08248023662986,
    127.92363602891042,
    122.77293388621388,
    127.14961693689938,
    129.18178245784273,
    122.77099517560798,
    124.39922203486502,
    131.2347430381936
  ],