{
  "scenario_name": "Zero Packet Loss",
  "loss_pct": 0,
  "lambdas": [
    0.0,
    0.01,
    0.02,
    0.03,
    0.04,
    0.05,
    0.06,
    0.07,
    0.08,
    0.09,
    0.1,
    0.11,
    0.12,
    0.13,
    0.14,
    0.15,
    0.16,
    0.17,
    0.18,
    0.19,
    0.2,
    0.21,
    0.22,
    0.23,
    0.24,
    0.25,
    0.26,
    0.27,
    0.28,
    0.29,
    0.3,
    0.31,
    0.32,
    0.33,
    0.34,
    0.35000000000000003,
    0.36,
    0.37,
    0.38,
    0.39,
    0.4,
    0.41000000000000003,
    0.42,
    0.43,
    0.44,
    0.45,
    0.46,
    0.47000000000000003,
    0.48,
    0.49,
    0.5,
    0.51,
    0.52,
    0.53,
    0.54,
    0.55,
    0.56,
    0.5700000000000001,
    0.58,
    0.59,
    0.6,
    0.61,
    0.62,
    0.63,
    0.64,
    0.65,
    0.66,
    0.67,
    0.68,
    0.6900000000000001,
    0.7000000000000001,
    0.71,
    0.72,
    0.73,
    0.74,
    0.75,
    0.76,
    0.77,
    0.78,
    0.79,
    0.8,
    0.81,
    0.8200000000000001,
    0.8300000000000001,
    0.84,
    0.85,
    0.86,
    0.87,
    0.88,
    0.89,
    0.9,
    0.91,
    0.92,
    0.93,
    0.9400000000000001,
    0.9500000000000001,
    0.96,
    0.97,
    0.98,
    0.99,
    1.0
  ],
  "avg_latencies": [
    54.79550959632588,
    54.0944281500758,
    48.732558614600904,
    50.67130128958564,
    58.755539587266746,
    53.587230020747675,
    44.844725799828474,
    55.26200226562294,
    45.12505906071226,
    58.911479902103835,
    50.95245422141392,
    55.67927504689371,
    48.45487288451761,
    48.58832224339643,
    57.211189782291484,
    54.21821645748435,
    49.84701321899366,
    60.31438475516039,
    54.86853791903381,
    55.018424294384516,
    47.84704249533837,
    52.598964584673226,
    44.97833519588103,
    57.97251779270927,
    58.129411414253475,
    48.10508662900918,
    48.249903339559815,
    54.303090949880705,
    56.33185129488673,
    52.673553460309336,
    52.76477916466521,
    50.61307148476121,
    60.61828857664649,
    56.327176082994825,
    53.58480211283312,
    48.373682451554124,
    51.602047412494485,
    49.6675953082637,
    50.588943686783885,
    56.011973129950455,
    57.788006135723826,
    54.25691418483988,
    56.15503211498181,
    61.524805108134665,
    52.28963934376237,
    51.048794089407735,
    53.409243860303874,
    64.11753048815733,
    52.043399492503525,
    56.03734839357767,
    50.89819172048734,
    48.457688255684026,
    58.30921429163896,
    55.35850044491199,
    57.44454462012813,
    56.057202547195395,
    60.87127263100487,
    53.34589782461735,
    55.38418739370732,
    48.12201093792883,
    51.138472582382875,
    53.065085496977346,
    66.95627152162797,
    59.10732219421936,
    51.63764385576116,
    57.898429309321166,
    61.69879753010913,
    60.904922743888974,
    55.329949663183726,
    55.405753513943104,
    61.032706243246324,
    65.12192300468647,
    54.526148793173796,
    54.19761322469837,
    61.62032982834504,
    55.98825254406349,
    60.11712085139805,
    51.988282529237466,
    50.27975406875775,
    54.123486352272096,
    62.91188922226091,
    54.0505589008756,
    57.18632907001353,
    57.54601626067503,
    68.19195368518463,
    58.256211857314234,
    57.071363577559744,
    64.2375402706344,
    55.4685404406533,
    66.26892075269535,
    65.69399526994744,
    42.23331445300225,
    53.22934735241355,
    51.69797435637288,
    57.4179635916503,
    52.470630252834326,
    60.78161805212746,
    57.141527901704436,
    63.054321903814724,
    60.465206476448195,
    62.080113793050536
  ],
  "min_latencies": [
    38.356856717428116,
    37.86609970505306,
    34.11279103022063,
    35.46991090270995,
    41.12887771108672,
    37.51106101452337,
    31.39130805987993,
    38.68340158593605,
    31.58754134249858,
    41.23803593147268,
    35.66671795498974,
    38.97549253282559,
    33.91841101916233,
    34.0118255703775,
    40.047832847604035,
    37.95275152023905,
    34.89290925329556,
    42.22006932861227,
    38.40797654332366,
    38.51289700606916,
    33.492929746736856,
    36.819275209271254,
    31.48483463711672,
    40.58076245489649,
    40.69058798997743,
    33.67356064030642,
    33.774932337691865,
    38.01216366491649,
    39.43229590642071,
    36.87148742221653,
    36.935345415265644,
    35.42915003933284,
    42.43280200365254,
    39.42902325809637,
    37.50936147898318,
    33.861577716087886,
    36.12143318874614,
    34.76731671578459,
    35.412260580748715,
    39.20838119096532,
    40.451604295006675,
    37.979839929387914,
    39.30852248048726,
    43.067363575694266,
    36.60274754063366,
    35.73415586258541,
    37.38647070221271,
    44.88227134171013,
    36.43037964475246,
    39.22614387550437,
    35.628734204341136,
    33.920381778978815,
    40.81645000414727,
    38.75095031143839,
    40.211181234089686,
    39.24004178303677,
    42.609890841703404,
    37.342128477232144,
    38.76893117559512,
    33.685407656550176,
    35.79693080766801,
    37.14555984788414,
    46.86939006513958,
    41.37512553595355,
    36.14635069903281,
    40.528900516524814,
    43.18915827107639,
    42.63344592072228,
    38.7309647642286,
    38.78402745976017,
    42.72289437027242,
    45.58534610328052,
    38.168304155221655,
    37.938329257288856,
    43.134230879841525,
    39.19177678084444,
    42.08198459597863,
    36.391797770466226,
    35.19582784813042,
    37.88644044659046,
    44.03832245558264,
    37.83539123061292,
    40.030430349009464,
    40.28221138247252,
    47.734367579629236,
    40.77934830011996,
    39.94995450429182,
    44.966278189444076,
    38.827978308457304,
    46.388244526886744,
    45.985796688963205,
    29.563320117101572,
    37.26054314668948,
    36.18858204946101,
    40.192574514155204,
    36.729441176984025,
    42.54713263648922,
    39.9990695311931,
    44.1380253326703,
    42.32564453351373,
    43.456079655135376
  ],